{
  "feature_names": [
    "EAR",
    "MAR",
    "PERCLOS",
    "blink_rate",
    "head_pitch",
    "head_yaw",
    "head_roll",
    "heart_rate",
    "spo2",
    "temperature",
    "ear_mar_ratio",
    "perclos_blink_interaction",
    "head_motion_sum"
  ],
  "mean": [
    0.22927621006965637,
    0.48168325424194336,
    0.30030882358551025,
    11.85344123840332,
    4.994390487670898,
    7.682510852813721,
    4.975761413574219,
    84.56071472167969,
    95.92849731445312,
    36.984886169433594,
    0.52084881067276,
    3.11328387260437,
    17.65266227722168
  ],
  "scale": [
    0.09156596660614014,
    0.1957739144563675,
    0.2544218599796295,
    3.3565380573272705,
    2.9912109375,
    4.49599027633667,
    2.9674761295318604,
    18.422874450683594,
    3.855692148208618,
    0.9756279587745667,
    0.22272533178329468,
    2.4627015590667725,
    9.272997856140137
  ]
}